agg,doi,genbank,ipg_id,name,pdb.0,pdb.1,seq,slug,states.0.brightness,states.0.em_max,states.0.ex_max,states.0.ext_coeff,states.0.lifetime,states.0.maturation,states.0.name,states.0.pka,states.0.qy,states.0.slug,states.1.brightness,states.1.em_max,states.1.ex_max,states.1.ext_coeff,states.1.lifetime,states.1.maturation,states.1.name,states.1.pka,states.1.qy,states.1.slug,switch_type,transitions.0.from_state,transitions.0.to_state,transitions.0.trans_wave,uniprot,uuid
d,10.1016/0378-1119(92)90691-h,AAA27721,1266562,avGFP,1GFL,,MSKGEELFTGVVPILVELDGDVNGHKFSVSGEGEGDATYGKLTLKFICTTGKLPVPWPTLVTTFSYGVQCFSRYPDHMKQHDFFKSAMPEGYVQERTIFFKDDGNYKTRAEVKFEGDTLVNRIELKGIDFKEDGNILGHKLEYNYNSHNVYIMADKQKNGIKVNFKIRHNIEDGSVQLADHYQQNTPIGDGPVLLPDNHYLSTQSALSKDPNEKRDHMVLLEFVTAAGITHGMDELYK,avgfp,19.75,509,395,25000,,,default,4.5,0.79,avgfp_default,,,,,,,,,,,b,,,,P42212,1XF1B
t,10.1074/jbc.m304063200,BAD52001,3705446,AzamiGreen,,,MSVIKPEMKIKLCMRGTVNGHNFVIEGEGKGNPYEGTQILDLNVTEGAPLPFAYDILTTVFQYGNRAFTKYPADIQDYFKQTFPEGYHWERSMTYEDQGICTATSNISMRGDCFFYDIRFDGVNFPPNGPVMQKKTLKWEPSTEKMYVRDGVLKGDVNMALLLEGGGHYRCDFKTTYKAKKDVRLPDYHFVDHRIEILKHDKDYNKVKLYENAVARYSMLPSQAK,azamigreen,48.44,505,492,72300,,,default,5.0,0.67,azamigreen_default,,,,,,,,,,,b,,,,Q60I25,HC91W
,10.1186/1472-6750-9-32,FJ498892,,E2-Red/Green,,,MDSTENVIKPFMRFKVHMEGSVNGHEFEIEGEGEGKPYEGTHTVKLQVTKGGPLPFAWDILSPQFQYGSKVYVKHPADIPDYKKLSFPEGFKWERVMNFEDGGVVTVTQDSSLQDGTFIYHVKFIGVNFPSDGPVMQKKTLGWEPSTERLYPRDGVLKGEIHKALKLKGGGHYLVEFKSIYMAKKPVKLPGYYYVDSKLDITSHNEDYTVVEQYERTEGRHHLFQ,e2-redgreen,36.05,585,560,53800,,72.0,default,4.5,0.67,e2-redgreen_default,,,,,,,,,,,b,,,,,VB2NB
,10.1093/nar/28.16.e78,BAB11884,,ECGFP,,,MVSKGEELFTGVVPILVELDGDVNGHKFSVSGEGEGDATYGKLTLKFICTTGKLPVPWPTLVTTLTWGVQCFSRYPDHMKQHDFFKSAMPEGYVQERTIFFKDDGNYKTRAEVKFEGDTLVNRIELKGIDFKEDGNILGHKLEYNYISHNVYITADKQKNGIKANFKIRHNIEDGSVQLADHYQQNTPIGDGPVLLPDNHYLSYQSALSKDPNEKRDHMVLLEFVTAAGITLGMDELYK,ecgfp,3.35,506,463,23900,,,default,4.0,0.14,ecgfp_default,,,,,,,,,,,b,,,,,9HU84
t,10.1038/sj.embor.7400361,BAD95669,4211010,KikGR1,4P76,,MSVITSEMKIELRMEGAVNGHKFVITGKGSGQPFEGIQNVDLTVIEGGPLPFAFDILTTAFHYGNRVFVEYPEEIVDYFKQSFPEGYSWERSMSYEDGGICLATNNITMKKDGSNCFVNEIRFDGVNFPANGPVMQRKTVKWEPSTEKMYVRDGVLKGDVNMALLLQGGGHYRCDFRTTYKAKKVVQLPDYHFVDHQMEITSHDKDYNKVKLYEHAKAHSGLPRLAK,kikgr1,37.59,517,507,53700,,,Green,7.8,0.7,kikgr1_green,22.82,593,583,35100,,,Red,5.5,0.65,kikgr1_red,pc,kikgr1_green,kikgr1_red,365,,OB7P5
m,10.1074/jbc.m304063200,BAD52002,3705442,mAzamiGreen,3ADF,,MSVIKPEMKIKLCMRGTVNGHNFVIEGEGKGNPYEGTQILDLNVTEGAPLPFAYDILTTVFQYGNRAFTKYPADIQDYFKQTFPEGYHWERSMTYEDQGICTATSNISMRGDCFFYDIRFDGTNFPPNGPVMQKKTLKWEPSTEKMYVRDGVLKGDVNMALLLEGGGHYRCDFKTTYKAKKDVRLPDAHKVDHRIEILKHDKDYNKVKLYENAVARYSMLPSQAK,mazamigreen,33.86,505,492,41800,,,default,6.2,0.81,mazamigreen_default,,,,,,,,,,,b,,,,Q60I24,QRBKZ
m,10.1073/pnas.2000942117,,,mGreenLantern,,,MVSKGEELFTGVVPILVELDGDVNGHKFSVRGEGEGDATNGKLTLKFICTTGKLPVPWPTLVTTLGYGVACFARYPDHMKQHDFFKSAMPEGYVQERTISFKDDGTYKTRAEVKFEGDTLVNRIVLKGIDFKEDGNILGHKLEYNFNSHKVYITADKQKNGIKANFKTRHNVEDGGVQLADHYQQNTPIGDGPVLLPDNHYLSHQSKLSKDPNEKRDHMVLKERVTAAGITHDMDELYK,mgreenlantern,73.3,514,503,101800,,13.5,default,5.6,0.72,mgreenlantern_default,,,,,,,,,,,b,,,,,G1VL1
m,10.1091/mbc.e09-08-0722,,,mK-GO,,,MVSVIKPEMKMRYYMDGSVNGHEFTIEGEGTGRPYEGHQEMTLRVTMAEGGPMPFAFDLVSHVFCYGHRVFTKYPEEIPDYFKQAFPEGLSWERSLEFEDGGSASVSAHISLRGNTFYHKSKFTGVNFPADGPIMQNQSVDWEPSTEKITASDGVLKGDVTMYLKLEGGGNHKCQFKTTYKAAKEILEMPGDHYIGHRLVRKTEGNITELVEDAVAHS,mk-go,,561,548,42000,,360.0,Late,4.8,,mk-go_late,,509,500,35900,,,Early,6.0,,mk-go_early,o,,,,,SBO48
m,10.1371/journal.pone.0003944,,,mKikGR,,,MSVITSEMKIELRMEGSVNGHKFVITGKGSGRPYEGTQTVDLTVIEGGPLPFAFDILTTAFHYGNRVFVEYPEEIVDYFKQSFPEGYSWERSMSYEDGGICLATNNITMKKDGSNTFVNEIRFDGTNFPANGPVMQRKTVKWEPSTEKMYVRDGVLKGDVEMALLLEGGGHYRCDFRTTYKAKKVVQLPDYHYVDHQMEITSHDKDYNKVKAYEHAKAYSGTYRGAKYEFEA,mkikgr,17.64,591,580,28000,,,Red,5.2,0.63,mkikgr_red,33.81,515,505,49000,,,Green,6.6,0.69,mkikgr_green,pc,mkikgr_green,mkikgr_red,390,,RHTPG
m,10.1038/nmeth.2413,AGG56535,34051755,mNeonGreen,5LTP,5LTR,MVSKGEEDNMASLPATHELHIFGSINGVDFDMVGQGTGNPNDGYEELNLKSTKGDLQFSPWILVPHIGYGFHQYLPYPDGMSPFQAAMVDGSGYQVHRTMQFEDGASLTVNYRYTYEGSHIKGEAQVKGTGFPADGPVMTNSLTAADWCRSKKTYPNDKTIISTFKWSYTTGNGKRYRSTARTTYTFAKPMAANYLKNQPMYVFRKTELKHSKTELNFKEWQKAFTDVMGMDELYK,mneongreen,92.8,517,506,116000,3.1,10.0,default,5.7,0.8,mneongreen_default,,,,,,,,,,,b,,,,,ZRKRV
m,10.1038/ncomms8670,,,moxNeonGreen,,,MVSKGEEDNMASLPATHELHIFGSINGVDFDMVGQGTGNPNDGYEELNLKSTKGDLQFSPWILVPHIGYGFHQYLPYPDGMSPFQAAMVDGSGYQVHRTMQFEDGASLTVNYRYTYEGSHIKGEAQVKGTGFPADGPVMTNSLTAADWSRSKKTYPNDKTIISTFKWSYTTGNGKRYRSTARTTYTFAKPMAANYLKNQPMYVFRKTELKHSKTELNFKEWQKAFTDVMGMDELYK,moxneongreen,82.14,520,505,111000,,,default,,0.74,moxneongreen_default,,,,,,,,,,,b,,,,,GSCT9
m,10.1038/nmeth.1235,,,mUkG,,,MSVIKEEMKIKLHMEGNVNGHAFVIEGDGKGKPYDGTQTLNLTVKEGAPLPFSYDILTNAFQYGNRAFTKYPADIPDYFKQTFPEGYSWERTMSYEDNAICNVRSEISMEGDCFIYKIRFDGKNFPPNGPVMQKKTLKWEPSTEMMYVRDGFLMGDVNMALLLEGGGHHRCDFKTSYKAKKVVQLPDAHKIDHRIEILSHDRDYSKVKLYENAVARNSLLPSQA,mukg,43.2,499,483,60000,,,default,5.2,0.72,mukg_default,,,,,,,,,,,b,,,,,BXYZE
m,10.1021/acsnano.5b04129,,,rsGreen1,,,MVSKGEELFTGVVPILVELDGDVNGHKFSVRGEGEGDATNGKLTMKFICTTGKLPVPWPTLVTTLTYGVLCFARYPDHMKQHDFFKSAMPEGYVQERTISFEDDGYYKTRAEVKFEGDTLVNRIELKGIDFKEDGNILGHKLEYNFNSHDAYITADKQKNGIRSNFKIRLNVEDGSVQLADHYQQNTPIGDGPVLLPDNHYLSTQNKLSKDPNEKRDHMVLLEFVTASGITLGMDELYK,rsgreen1,,,,,,,Dark,,,rsgreen1_dark,25.62,509,486,61000,,,Bright,5.9,0.42,rsgreen1_bright,ps,,,,,D9JZ4
m,10.1186/s12915-018-0514-7,MH135776,,SuperNova Green,,,MEVGPALFQSDMTFKIFIDGEVNGQKFTIVADGSSKFPHGDFNAHAVCETGKLPMSWKPICHLIQWGEPFFARYPDGISHFAQECFPEGLSIDRTVRFENDGTMTSHHTYELDDTCVVSRITVNCDGFQPDGPIMRDQLVDILPSETHMFPHGPNAVRQTATIGFTTADGGKMMGHFDSKMTFNGSRAIEIPGPHFVTIITKQTRDTSDKRDHVCQREVAYAHSVPRITSAIGSDED,supernova-green,6.44,510,440,28000,,,default,,0.23,supernova-green_default,,,,,,,,,,,b,,,,,3CN24
m,10.1002/prot.24699,QEQ55988.1,,Thermostable Green Protein,4TZA,,MGAHASVIKPEMKIKLRMEGAVNGHKFVIEGEGIGKPYEGTQTLDLTVEEGAPLPFSYDILTPAFQYGNRAFTKYPEDIPDYFKQAFPEGYSWERSMTYEDQGICIATSDITMEGDCFFYEIRFDGTNFPPNGPVMQKKTLKWEPSTEKMYVEDGVLKGDVEMALLLEGGGHYRCDFKTTYKAKKDVRLPDAHEVDHRIEILSHDKDYNKVRLYEHAEARYS,thermostable-green-protein,42.24,507,493,64000,3.1,1.0,Excited state,,0.66,thermostable-green-protein_excited-state,,,,,,,,,,,b,,,,,K782G
t,10.1038/13657,AAF03372,380058,ZsGreen,2OJK,,MAQSKHGLTKEMTMKYRMEGCVDGHKFVITGEGIGYPFKGKQAINLCVVEGGPLPFAEDILSAAFNYGNRVFTEYPQDIVDYFKNSCPAGYTWDRSFLFEDGAVCICNADITVSVEENCMYHESKFYGVNFPADGPVMKKMTDNWEPSCEKIIPVPKQGILKGDVSMYLLLKDGGRLRCQFDTVYKAKSVPRKMPDWHFIQHKLTREDRSDAKNQKWHLTEHAIASGSALP,zsgreen,22.43,506,496,35600,,,default,,0.63,zsgreen_default,,,,,,,,,,,b,,,,Q9U6Y5,W8LAG
t,,,,ZsGreen1,,,MAQSKHGLTKEMTMKYRMEGCVDGHKFVITGEGIGYPFKGKQAINLCVVEGGPLPFAEDILSAAFMYGNRVFTEYPQDIVDYFKNSCPAGYTWDRSFLFEDGAVCICNADITVSVEENCMYHESKFYGVNFPADGPVMKKMTDNWEPSCEKIIPVPKQGILKGDVSMYLLLKDGGRLRCQFDTVYKAKSVPRKMPDWHFIQHKLTREDRSDAKNQKWHLTEHAIASGSALP,zsgreen1,,505,493,,,,default,,,zsgreen1_default,,,,,,,,,,,b,,,,,51H85
